{
    "epoch": 2.5,
    "total_flos": 3.4869343479791616e+16,
    "train_loss": 2.5255136841994066,
    "train_runtime": 1382.401,
    "train_samples_per_second": 1.881,
    "train_steps_per_second": 0.235
}